{"ble_humi_3": 0.32983520241023917, "ble_humi_1": 0.33492306848458225, "ble_humi_2": 0.6221528284490588, "ble_humi_4": 1.122648215461937, "ble_temp1": 1.9303945984857405, "ble_temp3": 2.160750888185226, "ble_temp2": 2.4278532685493808, "ble_temp4": 2.6926731541629807}